frame,t,x,y,v,a,jerk,jounce
1,0.03333333333333333,652.0,324.0,15654.635535459767,547775.0014074645,-9250520.60603113,17224040.78374967
2,0.06666666666666667,501.0,1349.0,11864.726651594825,468924.1857593986,-6104121.060851412,26237497.55028775
3,0.1,629.0,323.0,9563.78132127586,422127.45135704475,-5573628.399082476,21509764.535026573
4,0.13333333333333333,643.0,323.0,6463.0706242505785,236289.65254780417,-3478897.164484056,83302643.52852753
5,0.16666666666666666,662.0,323.0,6496.049545761421,190200.97372477435,-20118.830513973906,62323132.34255443
6,0.2,667.0,323.0,6525.2195319095745,234948.3971802059,675978.3250195725,11035589.862557504
7,0.23333333333333334,501.0,1349.0,9559.209318040386,235266.19539274584,715587.160323193,633497.9410689756
8,0.26666666666666666,701.0,324.0,9583.209318040386,282654.2078684188,718211.5210908374,-21110510.939894024
9,0.3,702.0,323.0,9627.27141496843,283146.9634654684,-691780.2356697419,-31723882.03279703
10,0.3333333333333333,501.0,1349.0,9558.227306858262,236535.52549043595,-1396713.947762298,-10503289.981511593
11,0.36666666666666664,734.0,323.0,6496.717622511662,190032.70028131513,-1391999.5677705146,122447.90135547677
12,0.4,739.0,323.0,3447.7278363808487,143735.554305735,-1388550.7543385995,10316715.045984255
13,0.43333333333333335,745.0,323.0,3393.7278363808487,97462.64999207515,-704218.5647048976,31676511.62248529
14,0.4666666666666667,764.0,323.0,3418.3272444898003,96787.64999207515,723216.6871604196,32264062.72244978
15,0.5,773.0,323.0,3445.3272444898003,145677.09580276982,1446718.9501250875,10550157.576038841
16,0.5333333333333333,778.0,323.0,6590.126772410755,193235.58000041434,1426560.525563009,-44513.971586208514
17,0.5666666666666667,501.0,1349.0,9710.493324476856,240781.13084030375,1443751.3520193403,-10460136.542130154
18,0.6,798.0,323.0,9728.493324476856,289485.670135037,729218.089420999,-21340803.14219921
19,0.6333333333333333,816.0,323.0,9795.364782004513,289395.670135037,21031.142539393062,-21434838.147694107
20,0.6666666666666666,501.0,1349.0,9807.364782004513,290887.7463043299,-699771.1204252748,132768.12045756978
21,0.7,836.0,323.0,9838.763956101018,242744.26210668535,29882.350569897717,5705779.380193871
22,0.7333333333333333,850.0,323.0,6694.397404034916,292879.9030089897,-319385.82841235003,5681243.961991292
23,0.7666666666666666,860.0,323.0,9929.402715108026,221451.87354586204,408631.94803598383,16476761.759731418
24,0.8,501.0,1349.0,8364.110594132351,320122.03287805535,779064.9555697446,5700466.867669106
25,0.8333333333333334,880.0,323.0,11587.11590520546,273389.5372505117,788663.0725472576,-5694388.345666034
26,0.8666666666666667,893.0,323.0,10039.919844031028,372699.5710478725,399439.0658586756,-22721536.091748767
27,0.9,833.0,883.0,13318.472374694578,300018.8083077567,-726106.0002359934,-22578915.22463747
28,0.9333333333333333,501.0,1349.0,10050.467063621469,324292.50436547294,-1105821.949117156,-22476725.5686241
29,0.9666666666666667,928.0,323.0,8439.560482579685,226297.34503327962,-2224554.3714776,-5596435.542026498
30,1.0,932.0,323.0,5228.555171506575,175988.87960029958,-1478917.6519189226,16828233.990333132
31,1.0333333333333332,937.0,323.0,3566.552530663551,127702.83490535147,-1102672.1054553916,28303919.141890697
32,1.0666666666666667,957.0,323.0,3606.1278839025617,102477.40590327347,408010.2908737907,28281297.359306227
33,1.1,965.0,323.0,3639.1278839025617,154903.52096360415,782747.7184983571,5400446.763929505
34,1.1333333333333333,971.0,323.0,6992.125112606225,154660.58713649726,768040.0751357578,-11400473.841002246
35,1.1666666666666667,501.0,1349.0,6998.374766345174,206106.19263932135,22716.129098207348,-22655780.122152653
36,1.2,991.0,323.0,7031.374766345174,156174.99574304442,-742345.2663410858,-23118171.298695166
37,1.2333333333333334,1004.0,323.0,3698.246882442612,156616.5082165823,-1518495.2908148034,-11767930.562552739
38,1.2666666666666666,1019.0,334.0,3713.246882442612,54941.976355390856,-1526873.9705112684,22037954.206275087
39,1.3,1019.0,343.0,357.2496537389479,54824.910182497755,-49298.34372979782,32885991.76776858
40,1.3333333333333333,1019.0,349.0,309.0,51655.42010673767,665525.4806733038,33231298.488298267
41,1.3666666666666667,1019.0,368.0,3548.8303123991127,99193.27556071802,2166121.555490087,33544394.144095283
42,1.4,1019.0,373.0,6794.8357818567365,196063.5238060768,2901818.423612989,-4795.9382733060975
43,1.4333333333333333,1019.0,382.0,9910.805070333203,292647.83713491727,2165801.8262718664,-22312214.43914268
44,1.4666666666666666,501.0,1349.0,13014.065217155821,340450.3122242012,1414337.4610034772,-32855035.37991547
45,1.5,501.0,1349.0,13005.065217155821,386937.0012018158,-24533.865722497994,-32754469.30783891
46,1.5333333333333332,1019.0,420.0,12865.495051579328,338814.72117603465,-769293.8261857835,-22036818.63432964
47,1.5666666666666667,1019.0,426.0,9625.489582121703,335650.74612276355,-1493655.1080111403,-10373168.29766372
48,1.6,1019.0,431.0,9553.812040180017,239237.713975292,-1460838.3793633648,944552.1718450543
49,1.6333333333333333,501.0,1349.0,6393.551893357399,238261.52083187256,-1430684.96322147,557561.9816724124
50,1.6666666666666667,1004.0,439.0,6432.551893357399,143858.71642719398,-1423667.5805852038,10380635.167431416
51,1.7,1004.0,439.0,3329.2917465347805,143350.34879285895,-738642.6187260422,10270218.879804792
52,1.7333333333333334,999.0,439.0,3338.2917465347805,94615.87517879118,-738986.3219315512,20870303.00046409
53,1.7666666666666666,980.0,439.0,3297.1461953584985,94084.59399742221,652710.9146382303,20853246.81435474
54,1.8,975.0,439.0,3339.1461953584985,138129.9361546732,651230.1323587646,10373812.27012818
55,1.8333333333333333,960.0,439.0,6281.475971610593,137499.9361546732,1344298.3993134424,360278.7927196756
56,1.8666666666666667,501.0,1349.0,6281.475971610593,227749.82944223602,675248.7185400764,-10186102.920146223
57,1.9,941.0,439.0,9235.805747862687,182516.5173906783,665224.8713036941,-10469602.920146223
58,1.9333333333333333,927.0,439.0,6199.6595525041885,272098.1541958156,-22724.80946967186,-10532629.322032094
59,1.9666666666666666,917.0,439.0,9104.601651870751,181001.53009270015,-36950.41683177883,68255.32306773966
60,2.0,501.0,1349.0,6150.271875618657,269634.793073697,-18174.454598489217,77418.40731818753
61,2.033333333333333,903.0,439.0,9040.21397498522,179789.8997861342,-31789.189677232993,9598347.058687435
62,2.0666666666666664,884.0,439.0,6124.884198733125,267515.5137618815,621715.3493140064,9696604.458175652
63,2.1,883.0,439.0,9000.373016192414,221237.5897404013,614651.1075344771,181575.16061239043
64,2.1333333333333333,501.0,1349.0,8962.316858513728,308492.25426417997,633820.3600214991,-9629860.97161977
65,2.1666666666666665,850.0,439.0,11819.805675973017,263492.2804085013,-27339.623906840912,-19631918.785940524
66,2.2,844.0,439.0,8857.863576606454,306669.6126703906,-674974.2257078693,-29182879.162263382
67,2.2333333333333334,501.0,1349.0,8758.863576606454,218493.9986946433,-1972864.9013910666,-19321896.508555017
68,2.2666666666666666,501.0,1349.0,5841.374759147165,175145.28591098616,-1963100.6596115374,31808.949819214642
69,2.3,501.0,1349.0,2917.488817459289,87620.62138720749,-1970744.3047364522,9731870.082051376
70,2.3333333333333335,501.0,1349.0,0.0,43762.332261889336,-1314309.3208081122,19714639.812121682
71,2.3666666666666667,501.0,1349.0,0.0,0.0,-656434.98392834,19714639.812121682
72,2.4,501.0,1349.0,0.0,0.0,0.0,9846524.7589251
73,2.433333333333333,501.0,1349.0,0.0,0.0,0.0,0.0
74,2.466666666666667,501.0,1349.0,0.0,0.0,0.0,0.0
75,2.5,501.0,1349.0,0.0,0.0,0.0,0.0
76,2.533333333333333,501.0,1349.0,0.0,0.0,0.0,9831421.923162997
77,2.5666666666666664,501.0,1349.0,0.0,0.0,655428.1282108665,19882589.539570805
78,2.6,501.0,1349.0,0.0,43695.2085473911,1325505.9693047204,9822527.570453625
79,2.6333333333333333,501.0,1349.0,2913.0139031594067,88367.06462031468,1310263.2995744413,9822527.570453625
80,2.6666666666666665,501.0,1349.0,5891.137641354313,131046.09518568718,1980341.1406682953,590135.7391989961
81,2.7,501.0,1349.0,5963.137641354313,220389.8073315344,1349605.6821877076,-18957279.02516235
82,2.7333333333333334,826.0,434.0,8941.261379549218,221019.8073315344,716522.5389908052,-8898318.057255829
83,2.7666666666666666,826.0,411.0,9055.261379549218,268157.97659758804,756384.4783706524,-9588469.361997359
84,2.8,826.0,410.0,9219.776680150517,271445.4392229112,77291.24819098113,-9767817.325792383
85,2.8333333333333335,501.0,1349.0,9330.566343137329,273310.7264769868,105196.65665116013,143698.67162189895
86,2.8666666666666667,826.0,372.0,9372.566343137329,278458.5496663219,86871.15963244102,-198648.94336504675
87,2.9,826.0,376.0,9605.109825318896,279102.1371191495,91953.39376015689,76263.98150928579
88,2.933333333333333,501.0,1349.0,9552.664678904945,284588.775916999,91955.4250663933,10319846.462212937
89,2.966666666666667,826.0,338.0,9685.802695520715,285232.49879024236,779943.1579076858,10470510.273600418
90,3.0,825.0,329.0,9809.446686822439,336584.98644417804,789989.443306421,9804036.282265434
91,3.033333333333333,811.0,324.0,12879.77393131224,337898.4616773372,1433545.5767253814,-1536279.7820508385
92,3.0666666666666664,501.0,1349.0,12845.137724638244,432154.69155920355,687570.7911696986,-30786105.413287252
93,3.1,501.0,1349.0,15967.910115541996,383736.51442198374,-618861.450827102,-19668170.17496023
94,3.1333333333333333,773.0,323.0,12814.32178793684,390897.2615040633,-623640.55382765,-13950233.954181165
95,3.1666666666666665,762.0,323.0,10587.066887077166,342160.4775001404,-1548877.047772513,-11917235.279251512
96,3.2,501.0,1349.0,10562.280906758479,287638.79165256245,-1418122.9057777508,23159357.296607234
97,3.2333333333333334,743.0,324.0,10165.268604759827,247618.9504482903,-4919.89466536413,27226915.406092286
98,3.2666666666666666,251.0,1136.0,8024.945670605957,287310.79867487156,397004.78796173504,7546965.902654718
99,3.3,501.0,1349.0,11100.406961136361,274085.936312406,498211.16551161715,14848080.958566984
100,3.3333333333333335,695.0,323.0,12904.660885862693,320524.876375646,1386876.8518662008,914817.9101902783
101,3.3666666666666667,222.0,1141.0,12854.127180382937,366544.39310348604,559199.0261909689,-21528610.519169223
102,3.4,501.0,1349.0,13189.695118621603,357804.81145504396,-48363.84941174758,-6274752.045131038
103,3.433333333333333,666.0,324.0,12205.690808285673,363320.1364760362,140882.22318223314,-8998180.004174154
104,3.466666666666667,647.0,323.0,12168.156279259882,367196.95966719283,-648242.5163566914,-11478324.440450523
105,3.5,501.0,1349.0,12479.72353022781,320103.96871892345,-624339.4061811352,512130.85754851124
106,3.533333333333333,627.0,323.0,9418.71597153645,325574.33258845046,-614100.4591867905,-11596845.983155
107,3.5666666666666664,609.0,323.0,9389.910422061068,279163.93810647074,-1397462.4717248017,-11670635.063133422
108,3.6,501.0,1349.0,9401.910422061068,232410.16780679702,-1392142.7967290187,186175.0608662626
109,3.6333333333333333,593.0,323.0,6363.904767785134,186354.41832453618,-1385050.8010003841,-16718.6800727183
110,3.6666666666666665,574.0,323.0,3358.7811004671084,140073.44774010475,-1393257.3754005332,10300805.540018473
111,3.6999999999999997,569.0,323.0,3382.7811004671084,93470.59329783396,-698330.4316658193,31258643.022802066
112,3.7333333333333334,555.0,323.0,3376.8941540254264,93518.08562905013,690652.1594529378,31117458.340270735
113,3.7666666666666666,537.0,323.0,3403.939598140742,139514.07059469647,1376166.7910188963,10285517.660634134
114,3.8,531.0,323.0,6424.962989864724,185262.5383636432,1376353.3368285464,92217.08693565111
115,3.8333333333333335,501.0,1349.0,9403.976160568225,231270.95971659958,1382314.5968146059,-10120407.902440468
116,3.8666666666666667,498.0,324.0,9431.02160468354,277416.8448179503,701659.4766658485,-30982164.03114258
117,3.9,497.0,323.0,9431.584072654274,278048.25816098944,-683163.0052615664,-31096169.21600484
118,3.933333333333333,501.0,1349.0,9362.688255402321,231872.64446717914,-1371418.471067808,-10235083.71973764
119,3.966666666666667,464.0,324.0,6359.66486367834,186620.36008980224,-1365501.9199107424,-58132.8666400061
120,4.0,460.0,323.0,3371.6516929748386,140839.1831397963,-1375293.9955104752,19978821.841646314
121,4.033333333333333,454.0,323.0,3317.7061379946426,94934.09372243725,-33580.4638009883,40930207.43553045
122,4.066666666666666,435.0,323.0,3323.682408513723,138600.48555306377,1353386.500191555,30886521.549034495
123,4.1,425.0,323.0,6292.9162182919645,185159.86040187423,2025520.9728013114,20408759.34889037
124,4.133333333333333,420.0,324.0,9314.857935534961,273635.2170731512,2713970.4567842465,-221881.00638318137
125,4.166666666666667,501.0,1349.0,12185.159577234705,366091.22418749065,2010728.9057090995,-20451685.290126108
126,4.2,53.0,1254.0,15237.00140534258,407683.81078709115,1350524.7707758392,-20583008.949388344
127,4.233333333333333,387.0,323.0,15061.695614140506,456126.20890588,638528.3090832097,-20657671.253485657
128,4.266666666666667,377.0,323.0,15176.595401613242,450252.36472597177,-26653.312789871357,-19763833.88153989
129,4.3,501.0,1349.0,14960.311421762872,454349.3213865552,-679060.616352783,-9425363.701630864
130,4.333333333333333,100.0,1253.0,15117.293004177467,404981.6569691196,-655010.8928985957,1130393.7551273454
131,4.366666666666666,343.0,323.0,12104.35128693447,410681.9285266488,-603701.0326776266,-9525127.70284479
132,4.4,339.0,323.0,12326.884664996822,364734.9214572778,-1290019.4064215817,237279.890953285
133,4.433333333333334,501.0,1349.0,12342.934330528566,324680.63476521,-587882.373280741,9909637.905360645
134,4.466666666666667,311.0,323.0,9537.27659313594,325542.76323856175,-629376.8793975387,-589792.0574658588
135,4.5,305.0,323.0,9580.031221186191,282722.17613870744,-627201.843778465,9713476.64938973
136,4.533333333333333,501.0,1349.0,9523.031221186191,283729.3069866641,18188.23056177675,20140145.509711783
137,4.566666666666666,280.0,323.0,9546.40859397526,283934.72484282585,715474.5235356541,10386832.7354157
138,4.6,267.0,323.0,9570.46692927259,331427.6085557077,710643.7462561569,10213083.19810863
139,4.633333333333333,271.0,323.0,12626.347476339182,331310.97459323634,1396346.7367428963,-412497.81858406705
140,4.666666666666667,501.0,1349.0,12594.83885936021,424517.39100523404,683143.8916838861,-21403975.899083685
141,4.7,501.0,1349.0,15698.719406426802,376853.9007054954,-30584.98986268281,-20992579.42675031
142,4.733333333333333,310.0,323.0,12601.681554262215,422478.39168105525,-716361.4034328011,-31167847.140388213
143,4.766666666666667,320.0,323.0,12520.305298367928,329096.4738099753,-2108441.4658885635,-20747368.58329422
144,4.8,501.0,1349.0,9483.147747412217,281915.62728848436,-2099519.308985749,247295.5251266825
145,4.833333333333333,340.0,323.0,6417.6934654101005,189128.51987759207,-2091955.097546785,110305.49975554497
146,4.866666666666666,363.0,334.0,3358.8753912402944,142451.95411869866,-2092165.6090020458,19903536.587847613
147,4.9,364.0,343.0,3382.9289455970256,49650.81261078901,-765052.6583569439,30223618.538571805
148,4.933333333333334,364.0,354.0,366.9139765478995,91448.44356156907,-77257.70643059222,20055443.686687544
149,4.966666666666667,363.0,367.0,3203.582933742925,44500.29884874953,571976.9207555591,20354577.02273453
150,5.0,363.0,382.0,3203.507980559423,129580.23827860637,1279714.0950850432,1144148.567725316
151,5.033333333333333,363.0,386.0,5949.026917311699,129814.5718544191,648253.4919372469,-18879266.830752097
152,5.066666666666666,501.0,1349.0,5957.0005328560355,172797.1377410895,21096.3063682368,-10001154.034759361
153,5.1,363.0,406.0,5972.622843477498,131220.99227896822,-18490.110380043807,-1409536.0916176352
154,5.133333333333333,363.0,420.0,3085.9115495072747,171564.46371575323,-72872.76640627233,8508087.743947262
155,5.166666666666667,373.0,435.0,5780.736589323778,126362.8078518834,548715.7392164402,28303003.145650435
156,5.2,378.0,439.0,5714.493762982847,208145.51299684925,1813994.1099704232,18813376.637865696
157,5.233333333333333,387.0,439.0,8361.970927810966,247295.7485165783,1802940.8484074865,-8793229.936611803
158,5.266666666666667,501.0,1349.0,11030.404800488197,328341.5695573484,1227778.7808629698,-17631180.545095235
159,5.3,501.0,1349.0,13726.2284758817,329147.66724077624,627528.8120678046,-27699807.923520513
160,5.333333333333333,425.0,439.0,11031.403436065197,370176.823695202,-618875.0807050642,-37246594.90132722
161,5.366666666666666,431.0,438.0,11011.859317939246,287889.32852710533,-1855577.5146873433,-18318772.134037547
162,5.4,501.0,1349.0,8326.43825234202,246471.6560493791,-1840126.5563075673,546959.2407852549
163,5.433333333333334,451.0,438.0,5606.595272478923,165214.2247732675,-1819113.5653016597,7255934.239386621
164,5.466666666666667,468.0,439.0,2934.172977074731,125197.41836260178,-1356397.607015126,16021600.313668793
165,5.5,469.0,439.0,2950.1269104817643,74787.71763892577,-751006.8777237402,25415944.753982335
166,5.533333333333333,475.0,438.0,2387.3407440388937,75130.29318101911,337998.70991703,16292272.095343655
167,5.566666666666666,479.0,459.0,2435.2574749069345,97320.96496672777,335144.5952991704,1837444.2426459969
168,5.6,479.0,463.0,4454.0530949816675,97473.26620096379,460494.9927600965,-5090097.682803711
169,5.633333333333333,481.0,1182.0,4416.971055656673,128020.63115073419,-4195.2502210769335,-13881642.47303986
170,5.666666666666667,479.0,497.0,4416.017122249641,97193.582852892,-464947.83877589414,-13917775.40615743
171,5.7,479.0,502.0,2331.00882351033,97024.1085656746,-932046.9439649057,632952.5392940778
172,5.733333333333333,479.0,507.0,2303.224724771448,35057.11992189829,-422751.0028229556,14692899.909626493
173,5.766666666666667,479.0,527.0,361.16486756500495,68840.70837747757,47479.71667686055,7354625.544308652
174,5.8,479.0,535.0,2726.63809847367,38222.434367022324,67557.36679762122,15213803.663474813
175,5.833333333333333,473.0,551.0,2693.7451050165246,73344.5328306523,1061733.294241848,6747306.468885276
176,5.866666666666666,454.0,556.0,2609.7451050165246,109004.65398314553,517377.7980566396,-7849413.219525002
177,5.9,501.0,1349.0,4924.548458596188,107836.38603442829,538439.0796068478,329737.4407204644
178,5.933333333333334,440.0,555.0,4826.5994922923,144900.59262360208,539360.2941046706,-8202028.46849077
179,5.966666666666667,501.0,1349.0,4840.626832041381,143793.73897473965,-8362.81829253668,-8183068.441655723
180,6.0,501.0,1349.0,4798.519825498526,144343.0714040996,-6177.602005710825,7901524.06416751
181,6.033333333333333,501.0,1349.0,4857.6890742684745,143381.8988410256,518405.45265196415,-32219.583146819474
182,6.066666666666666,380.0,555.0,4800.181346313203,178903.43491423054,-8325.574215498655,-351267.8200674787
183,6.1,501.0,1349.0,7188.339632524568,142826.86055999238,494987.597980799,14932926.22096925
184,6.133333333333333,363.0,565.0,4838.914015050324,211902.6081129505,987202.8405157847,-8404132.621052733
185,6.166666666666667,364.0,584.0,7055.911985279435,208640.38326104468,-65287.910089383295,-8222108.063359228
186,6.2,501.0,1349.0,9269.762973990888,207550.08077365826,439062.3029585028,-154198.4093217574
187,6.233333333333333,363.0,604.0,6980.358453648233,237911.2034582782,-75567.80404416716,-22741565.086497515
188,6.266666666666667,363.0,623.0,6711.4363505934325,202512.2271707138,-1077042.0361413315,-14430415.1759994
189,6.3,501.0,1349.0,6723.36139740993,166108.40104885612,-1037595.4824441271,1200772.2837587695
190,6.333333333333333,364.0,637.0,4566.363427180818,133339.195007772,-996990.5505574134,-412524.35516096174
191,6.366666666666666,364.0,656.0,2395.343189699418,99642.36434502856,-1065097.1061215245,6551781.462621846
192,6.4,364.0,661.0,2425.298656053349,62332.721266337016,-560205.1197159569,15382344.890361737
193,6.433333333333334,364.0,676.0,2310.6484650657426,62295.356363964755,-39607.4467640752,7858233.344394116
194,6.466666666666667,364.0,695.0,2337.6939091810577,59692.224815398666,-36322.89675634901,593226.4040838823
195,6.5,363.0,700.0,2277.6939091810577,59873.829913541485,-59.01982514957781,-5796961.310047899
196,6.533333333333333,501.0,1349.0,2232.6939091810577,59688.290160388686,-422786.98409287556,-576353.9227693735
197,6.566666666666666,364.0,733.0,2160.631436284272,31688.03097401645,-38482.61467644106,10907719.875433106
198,6.6,501.0,1349.0,244.27809113443155,57122.782515292616,304394.34093599825,5136190.69705254
199,6.633333333333333,364.0,752.0,1868.54138314274,51980.98703641633,303930.098460395,12804241.977682281
200,6.666666666666667,501.0,1349.0,3618.199921258106,77384.78907931896,1158010.4727814835,12719556.264020855
201,6.7,373.0,780.0,3621.199921258106,129181.68522184857,1151900.5160617852,-6040579.764311746
202,6.733333333333333,392.0,785.0,5328.094469846272,154178.1568167713,755305.1551607007,-5700862.084327497
203,6.766666666666667,501.0,1349.0,6952.798774381416,179535.36223256195,771843.0437732856,151421.52139236225
204,6.8,412.0,785.0,6936.384586845958,205634.35973499034,765399.9232535248,-6199189.371199022
205,6.833333333333333,426.0,785.0,6879.17545713251,230562.02378279692,358563.7523600174,-11695927.213357272
206,6.866666666666666,501.0,1349.0,8512.972375301864,229538.60989232484,-14328.557636959973,-5483144.928286492
207,6.8999999999999995,501.0,1349.0,8498.527235115615,229606.78660699958,-6979.242859082151,-11121920.520592399
208,6.933333333333334,465.0,786.0,6902.744028699955,229073.3270350527,-755789.9256764532,-16886807.560494468
209,6.966666666666667,475.0,785.0,6886.258306402044,179220.7915619027,-1132766.4135587134,-5788149.230859133
210,7.0,501.0,1349.0,5232.808898000127,153555.56613113845,-1141666.5410670622,5608425.009584374
211,7.033333333333333,514.0,787.0,3566.178135245185,103109.68882409857,-758871.4129197552,5713379.705283701
212,7.066666666666666,524.0,786.0,1934.0279805699931,102964.13860315477,-760774.5607148155,11205966.36779927
213,7.1,527.0,787.0,3511.5954514430423,52391.384776444196,-11806.988399803733,22694855.624236435
214,7.133333333333333,533.0,785.0,1878.1866251527858,102177.00604316787,752215.8142342801,5962906.554987481
215,7.166666666666667,547.0,785.0,3543.4401274229153,102539.1057253962,385720.1152660284,151217.28858004417
216,7.2,501.0,1349.0,5219.473607987797,127891.68039423642,762296.9668062832,5640256.035694098
217,7.233333333333333,566.0,785.0,5216.174354261071,153358.90351248177,761737.1843123017,-11467699.930948444
218,7.266666666666667,569.0,785.0,5216.70798634749,178674.1593483899,-2216.3619236128666,-11498638.829181775
219,7.3,501.0,1349.0,6858.081620151313,153211.14605090756,-4838.737633149957,-37573.05682755262
220,7.333333333333333,550.0,785.0,5210.828117881183,178351.5768395132,-4721.232378782964,-11408107.57369164
221,7.366666666666666,536.0,785.0,5199.671034558293,152896.39722565535,-765379.2425459258,-11309902.490740642
222,7.3999999999999995,501.0,1349.0,5214.671034558293,127326.29400311815,-758714.7317614923,5657925.21324264
223,7.433333333333334,517.0,785.0,3576.416186460227,102315.41510822254,-388184.2283297499,5514763.837297521
224,7.466666666666667,497.0,785.0,1977.0425526564043,101447.34544780149,-391063.8092749909,11035268.765442165
225,7.5,493.0,785.0,3604.6273679744104,76244.49448988981,347500.35603306105,22514124.094314132
226,7.533333333333333,478.0,785.0,3609.0496690653504,124614.03585000557,1109877.7970126178,10309143.030373516
227,7.566666666666666,460.0,785.0,5094.104581391823,150236.34762406434,1034776.558057962,-6721870.814133063
228,7.6,53.0,1152.0,6743.495509637751,193599.13972053636,661753.0760704137,-9575671.16894811
229,7.633333333333333,501.0,1349.0,8350.461804732704,194353.2193620919,396398.48012808815,-14852429.556420308
230,7.666666666666667,421.0,786.0,6764.922433530014,220025.70506240893,-328408.89435760677,-18926768.542880174
231,7.7,420.0,786.0,6783.686427487837,172459.2930715848,-865386.0893972568,-3459469.485323434
232,7.733333333333333,501.0,1349.0,5320.354511272244,162333.2991025918,-559040.1933791691,9173921.81309438
233,7.766666666666667,387.0,785.0,4871.350158427851,135189.94684630685,-253791.30185763148,6837137.562491419
234,7.8,372.0,792.0,4363.762768354178,145413.87897874968,-103231.02254640775,7861124.425708813
235,7.833333333333333,363.0,805.0,5382.188129226625,128307.87867654634,270283.65985628933,4045310.4920804403
236,7.866666666666666,134.0,1137.0,4747.896374973246,163432.78963583565,166456.34359228823,-3146761.2199672824
237,7.8999999999999995,135.0,1133.0,6223.933233107595,139404.96824936554,60499.578525137156,-4034352.823550382
238,7.933333333333334,364.0,844.0,5023.625550477381,167466.0948708448,-102500.51131107062,-11594683.197529783
239,7.966666666666667,363.0,854.0,5234.569887299504,132571.60082862753,-712479.3013101819,-5039479.707514632
240,8.0,501.0,1349.0,4211.0139373667325,119967.47478349933,-438465.82514537935,3218031.1839931956
241,8.033333333333333,364.0,873.0,3188.326307431787,103340.54581893556,-497943.8890439688,2074710.416635807
242,8.066666666666666,373.0,897.0,3012.3013634187737,86771.21551390142,-300151.7973696589,6636140.387201304
243,8.1,378.0,901.0,3027.222470647452,83330.42599429164,-55534.52989721521,4227235.969709085
244,8.133333333333333,392.0,901.0,2978.2065470229873,83068.91352075375,-18336.06605571982,-3624682.792735406
245,8.166666666666666,501.0,1349.0,2986.291691967996,82108.02159057699,-297180.0494129089,-3980665.6989720715
246,8.2,416.0,901.0,3000.0422284511533,63256.91022655983,-283713.7793205246,-298671.36779771064
247,8.233333333333333,431.0,901.0,1663.3073182189387,63193.76963587534,-317091.4739327563,-407438.2864049732
248,8.266666666666666,450.0,901.0,1648.3073182189387,42117.47863104274,-310876.3317475228,8985899.192804053
249,8.3,455.0,901.0,1635.4242093713472,42468.680852707155,281968.47225418064,12978459.612927228
250,8.333333333333334,469.0,901.0,1569.673347292131,60915.37678132144,554354.3091142924,4314884.400221268
251,8.366666666666667,474.0,901.0,2753.4089882612006,79425.63479365998,569627.4322689318,-189507.89931501914
252,8.4,501.0,1349.0,4009.0692641894393,98890.53893258356,541720.4491599577,-695495.966355388
253,8.433333333333334,479.0,912.0,4009.0692641894393,115540.33140432384,523261.0345119059,-8802801.104563743
254,8.466666666666667,479.0,931.0,3803.5539828854753,133774.60790004395,-45132.95781095843,-8376916.592774923
255,8.5,501.0,1349.0,5037.21232190937,112531.46755025993,-35200.07167308895,589596.4395116416
256,8.533333333333333,479.0,950.0,3826.476680940301,131427.93645517138,-5826.5285101823565,-6969504.373664975
257,8.566666666666666,479.0,969.0,3787.661764543587,112143.03231624777,-499833.69658408733,-7139203.116476877
258,8.6,56.0,966.0,3802.661764543587,98105.6900162322,-481773.4029419742,6318055.150605172
259,8.633333333333333,479.0,984.0,3700.8489858777866,80024.8054534495,-78630.01987707577,1651204.4713958364
260,8.666666666666666,479.0,1003.0,2483.4200759867153,92863.68869109382,-371693.1048489184,-4000305.3547865497
261,8.7,479.0,1008.0,3441.986217304765,55245.26513018827,-345317.04352951236,3926450.596481393
262,8.733333333333333,501.0,1349.0,2198.1408577732404,69842.55245579299,-109929.73175015878,93224.3142630968
263,8.766666666666666,464.0,1017.0,2201.2008337924212,47916.616346844356,-339102.08924530586,-5398571.827729774
264,8.8,460.0,1017.0,1248.1046843908384,47235.746506105934,-469834.52026547695,-1820348.2317902748
265,8.833333333333334,454.0,1017.0,1252.6261173372307,16594.314995812554,-460458.6380313242,3801195.675067241
266,8.866666666666667,435.0,1018.0,336.0599760191808,16538.503970684324,-216421.47526099425,3512757.9835180053
267,8.9,425.0,1017.0,390.1135303759122,2166.216645079604,-226274.77246345714,3116062.994128491
268,8.933333333333334,416.0,1018.0,360.0535543567314,1453.5191397871808,-8683.942319094884,3475846.963431356
269,8.966666666666667,396.0,1017.0,348.0535543567314,1587.2871571399446,5448.358431966589,183548.82046799938
270,9.0,388.0,1017.0,363.11602725351725,1816.7430352516199,3552.645712105072,-180066.8189136709
271,9.033333333333333,381.0,1017.0,336.1909804370197,1824.130204613616,-6556.096162278137,7329.9605718074545
272,9.066666666666666,363.0,1017.0,351.1828701956033,1379.6699577664108,4041.3097502255673,4114691.624044397
273,9.1,357.0,1018.0,378.1828701956033,2093.5508546286537,267756.67877401493,7694163.422156368
274,9.133333333333333,343.0,1018.0,345.1828701956033,19230.115209367406,516985.5378939834,7634567.116710025
275,9.166666666666666,324.0,1017.0,1406.3304396122448,36559.25338089421,776727.8198880166,7774460.869318226
276,9.2,319.0,1018.0,2495.3181479054783,71011.9698685685,1035282.9291818651,129631.98510333835
277,9.233333333333333,310.0,1017.0,3589.4470414290518,105578.11532635188,785369.952228239,-11429506.323853355
278,9.266666666666666,501.0,1349.0,4685.468445342524,123369.96668378443,273315.8409249748,-15584036.886139948
279,9.3,501.0,1349.0,4730.468445342524,123799.17138801687,-253565.84018109072,-15803258.927940708
280,9.333333333333334,282.0,1017.0,3657.3333562126,106465.57733837838,-780234.7542710726,-11767476.650066579
281,9.366666666666667,296.0,1018.0,2580.2706947358633,71783.5211032787,-1038064.2835188627,-158538.10434495952
282,9.4,311.0,1017.0,1459.096357096975,37261.29177045421,-790803.9612274031,7632118.836063823
283,9.433333333333334,316.0,1017.0,348.1538459548237,19063.257021451842,-529256.3611146079,8223491.345466199
284,9.466666666666667,335.0,1017.0,339.1538459548237,1977.5343628136911,-242571.20486298986,8210448.723862414
285,9.5,340.0,1017.0,339.45272816381566,2891.8433639191853,18106.887142886386,3756079.427414534
286,9.533333333333333,354.0,1018.0,309.55973470667027,3184.66017233945,7834.090297979099,-198049.7933296299
287,9.566666666666666,364.0,1027.0,312.61971072585106,3414.1160504511254,4903.567587577727,2675608.0116553935
288,9.6,363.0,1036.0,327.6032908513156,3511.564678177965,186207.957741672,5444258.414754899
289,9.633333333333333,363.0,1041.0,288.7185052825315,15827.979899895925,367854.1285712376,5801787.743811875
290,9.666666666666666,364.0,1061.0,1174.296571415691,28035.1732495938,572993.8073291302,6013780.83243532
291,9.7,364.0,1065.0,2055.239401013876,54027.567055171276,768772.8507335923,2501291.1220974308
292,9.733333333333333,363.0,1074.0,2800.3379462575053,79286.6966318333,739746.5488022923,-6261358.4605067605
293,9.766666666666666,501.0,1349.0,3521.121612280497,103344.00364199076,351348.9533664749,-9017693.870824033
294,9.8,501.0,1349.0,4302.164919112092,102709.96018959829,138566.95741402346,-8909469.936145259
295,9.833333333333334,363.0,1113.0,3406.142968517718,112581.80080292567,-242615.70904320906,-8808006.203117223
296,9.866666666666667,364.0,1123.0,3211.605314841735,86535.57958671768,-448633.4561271247,-2664181.46047206
297,9.9,501.0,1349.0,2448.5256863502464,82672.90372778401,-420227.80640801304,3210927.3513682643
298,9.933333333333334,378.0,1132.0,2384.191729895525,58520.39249285014,-234571.63270257376,5231074.308323091
299,9.966666666666667,392.0,1132.0,1651.0332086327144,67034.79488094576,-71489.51918647366,2824150.315722555
300,10.0,397.0,1133.0,2282.2816484332607,53754.424547085226,-46294.94498773677,2967154.2270984994
301,10.033333333333333,501.0,1349.0,2239.720630410688,63948.46521509664,126320.762620093,289340.53211310174
302,10.066666666666666,426.0,1133.0,2257.6417376393665,62175.8087217581,-27005.57618019665,-4217972.69263914
303,10.1,431.0,1133.0,2186.567765198644,62148.09346975021,-154877.41688918305,-3959549.6339617195
304,10.133333333333333,501.0,1349.0,2152.7279006386516,51850.64759581255,-290975.55177764466,1558538.751453464
305,10.166666666666666,456.0,1133.0,1541.841756989986,42749.72335124056,-50974.833458952126,1264950.3388042406
306,10.2,464.0,1133.0,918.532431600965,48452.32536521575,-206645.52919069523,3332782.228509265
307,10.233333333333333,473.0,1138.0,1882.7845665518635,28973.35473852754,171210.64844166557,7896940.977107905
308,10.266666666666666,479.0,1151.0,1321.3463565275295,59866.36859466012,319817.20261649846,-1391018.0566190942
309,10.3,479.0,1158.0,2320.1771906305116,50294.50157962744,78476.11133372589,-4946334.953268295
310,10.333333333333334,133.0,1134.0,2264.8849435473517,65098.10935024185,-9938.460934721234,-3657064.8653952656
311,10.366666666666667,479.0,1190.0,2274.2431044938885,49631.93751731269,-165328.21302595857,-5599447.531417768
312,10.4,479.0,1191.0,1306.9909695429901,54076.228481844606,-383234.9630292392,-2148240.96039524
313,10.433333333333334,479.0,1195.0,1618.372854265421,24082.939982030075,-308544.27705230797,5164749.34474057
314,10.466666666666667,479.0,1215.0,689.4184646488902,33506.61001169074,-38918.34004653455,2802499.797055454
315,10.5,479.0,1219.0,981.358198147178,21488.383978927774,-121710.95724861106,2438335.3548774
316,10.533333333333333,501.0,1349.0,1213.085049116927,25392.54619511667,123637.3502786255,3751467.515993111
317,10.566666666666666,508.0,1248.0,1237.1319126784197,29730.873997502804,128386.87715092972,-2279974.4028756875
318,10.6,509.0,1247.0,1161.4637599599562,33951.67133851198,-28360.94324642031,-3016040.3576492686
319,10.633333333333333,501.0,1349.0,1364.3244030962287,27840.144447741455,-72682.48002568817,-154030.7096076426
320,10.666666666666666,541.0,1248.0,1159.4287777081106,29106.17267013277,-38629.65722026314,-267608.8365071225
321,10.7,546.0,1248.0,855.7019267383617,25264.833966390575,-90523.069126163,-961271.8636408165
322,10.733333333333333,501.0,1349.0,804.2532694188246,23071.301395055238,-102714.4481296509,5750039.263179578
323,10.766666666666666,580.0,1247.0,952.0611740487008,18417.204091080515,292812.8817524755,6062428.713789488
324,10.8,501.0,1349.0,683.1639509859689,42592.160178553604,301447.4661229816,6122043.485238006
325,10.833333333333334,594.0,1242.0,2323.128166621699,38513.70183261263,700949.1141016759,5605667.323877912
326,10.866666666666667,594.0,1219.0,2434.128166621699,89322.10111866533,675158.6210481757,-6160134.243169859
327,10.9,594.0,1223.0,4097.18624898117,83524.27656915768,290273.4978903519,-10653363.649659859
328,10.933333333333334,55.0,1003.0,3635.664612347327,108673.66764468879,-35065.6222624815,-10656913.671668593
329,10.966666666666667,594.0,1186.0,3653.7245883665078,81186.56841832558,-420187.41355422104,-8671707.432934126
330,11.0,594.0,1186.0,2010.7162646206077,80661.17340774073,-613179.4511247566,-612252.7351055624
331,11.033333333333333,594.0,1180.0,1956.795157391929,40307.938343341804,-461004.26256125857,10239363.99783039
332,11.066666666666666,593.0,1161.0,916.2797834404734,49927.55590365683,69444.81539726937,10327895.88362101
333,11.1,594.0,1147.0,1579.0749068072612,44937.59270315977,227522.12968014198,5866016.900308134
334,11.133333333333333,594.0,1142.0,2240.971510241714,65095.697882332955,460512.60875114484,-1172340.2210905184
335,11.166666666666666,501.0,1349.0,2887.669170154899,75638.43328656942,149366.11494077404,-9345179.287224641
336,11.2,501.0,1349.0,2863.590277383578,75053.43887838456,-162499.3437304979,-9282694.182576535
337,11.233333333333333,618.0,1133.0,2253.4493627336064,64805.14370453623,-469480.1638976616,-4219417.576491529
338,11.266666666666666,624.0,1133.0,1656.70779372355,43754.761285207125,-443793.84882993315,2827229.181793361
339,11.3,629.0,1133.0,976.7512142699163,35218.88711587402,-280998.21844477084,7572469.04432193
340,11.333333333333334,643.0,1133.0,1032.8172352502975,25021.5467222224,61037.42079152884,7466100.749147112
341,11.366666666666667,657.0,1132.0,1098.8172352502975,39288.048501975936,216741.83149836987,1761255.6995457052
342,11.4,662.0,1133.0,1912.8097725317598,39471.00215544705,178454.4674279092,-3361740.8632197967
343,11.433333333333334,501.0,1349.0,1884.559443888243,51185.012997169884,-7374.2260496166155,-2012761.1837006994
344,11.466666666666667,695.0,1133.0,1920.2201151571262,38979.38708547261,44270.388514529244,3197553.006042175
345,11.5,695.0,1133.0,1154.581217999937,54136.37223147183,205795.97435319502,2044191.524500108
346,11.533333333333333,710.0,1122.0,2017.126848742441,52699.11870901894,180549.82348120312,7424642.043493124
347,11.566666666666666,710.0,1106.0,2731.0914086721305,66173.02713021872,700772.1105860699,8356501.60249341
348,11.6,711.0,1110.0,2675.2881829589155,99417.25941475693,737649.9303140971,-2781532.2237231447
349,11.633333333333333,501.0,1349.0,4143.094749410838,115349.68915115851,515336.6290045269,-8671303.289602762
350,11.666666666666666,222.0,910.0,5211.238954644087,133773.03468172537,159563.0443405796,-5021289.4555664435
351,11.7,501.0,1349.0,5391.290888720288,125987.22544053048,180583.99863343072,-3763299.0918575292
352,11.733333333333333,501.0,1349.0,3866.333791509137,145811.9679239541,-91323.56178325563,-4278823.684782438
353,11.766666666666666,710.0,1046.0,5007.931356327843,119898.98798831343,-104670.91368539844,6373723.694522119
354,11.8,710.0,1031.0,4732.78820225287,138833.90701159422,333591.35118488566,2772902.0378202656
355,11.833333333333334,710.0,1026.0,4854.003607308726,142138.41140063916,80189.22216928595,-4356717.683069694
356,11.866666666666667,501.0,1349.0,5175.778858965712,144179.85515621328,43143.50564690605,-915847.674324774
357,11.9,299.0,905.0,5175.778858965712,145014.64511043287,19132.7105476343,-4284285.3633970935
358,11.933333333333334,739.0,1017.0,5331.323152233468,145455.36919272222,-242475.5185795669,-3616936.556433885
359,11.966666666666667,501.0,1349.0,5307.384021724464,128849.61053846175,-221996.3932146247,4447405.481227559
360,12.0,759.0,1017.0,4141.899627698984,130655.60964508056,54018.18016893702,165730.49751803876
361,12.033333333333333,778.0,1017.0,4041.2138626037618,132450.82254972422,-210947.69338008878,-92275.41711220145
362,12.066666666666666,501.0,1349.0,5234.44209401255,116592.430086408,47866.48569479027,3342571.192757558
363,12.1,798.0,1017.0,4019.677417232563,135641.92159604357,11890.386137081794,-9142007.47434257
364,12.133333333333333,811.0,1017.0,4076.3273649993484,117385.12249554678,-561600.679261381,-8905587.29654994
365,12.166666666666666,395.0,907.0,4079.3987531242346,98201.87631195149,-581815.4336329142,-179290.33955918136
366,12.2,826.0,994.0,2815.7571458590796,78597.42692001915,-573553.3685653266,-4095050.6368741035
367,12.233333333333333,827.0,987.0,1622.5289144502908,59964.98507426305,-854818.8094245212,-155552.40846404433
368,12.266666666666666,827.0,973.0,1600.2266863273176,21609.506291717735,-583923.5291295962,13739592.860899678
369,12.3,826.0,954.0,354.1917854237034,21036.749798956633,61154.04796879071,9841339.955028025
370,12.333333333333334,827.0,953.0,348.12039729881747,25686.442822970446,72165.80120560541,10199536.976721574
371,12.366666666666667,827.0,934.0,1844.0934483740755,25847.803212663657,741123.179750229,15849225.883508723
372,12.4,827.0,929.0,1856.0934483740755,75094.65480631904,1128780.860106187,422681.1736610824
373,12.433333333333334,827.0,915.0,3525.124911811598,101099.86055307611,769301.9246609678,-4967192.766212894
374,12.466666666666667,501.0,1349.0,5139.647962350783,126381.44978371689,797634.675691994,792055.2934232512
375,12.5,827.0,891.0,5130.647962350783,154275.50559920905,822105.6108891845,-11084840.623084737
376,12.533333333333333,826.0,873.0,5362.553110884818,181188.49050966252,58645.300819678276,-10972932.742302818
377,12.566666666666666,501.0,1349.0,7059.507887016758,158185.19232052093,90576.7614023299,6376826.723119852
378,12.6,826.0,857.0,5375.401470395734,187226.94126981785,483767.0823610017,429374.85299132316
379,12.633333333333333,826.0,834.0,5602.836099639463,190436.33114458772,119201.75160175146,797236.8235005162
380,12.666666666666666,501.0,1349.0,7419.970143079772,195173.7247099346,536916.2039277029,12466342.117708124
381,12.7,826.0,819.0,7507.004179138079,226230.74473976792,950291.2261156265,391491.2365101717
382,12.733333333333333,826.0,800.0,7753.569435156652,258526.47311764304,563015.6196950475,-12821790.84597445
383,12.766666666666666,501.0,1349.0,9737.23056999411,263765.1193861044,95505.16971732969,-7114241.701983536
384,12.8,501.0,1349.0,9838.792922361707,264893.48443213163,88732.83956281185,-6262832.456447458
385,12.833333333333334,826.0,761.0,8030.658878921396,269680.6420236252,-322016.9940458342,-13508938.367287975
386,12.866666666666667,826.0,756.0,8248.705186001545,243425.68482907605,-811863.05158972,-469213.6395056431
387,12.9,501.0,1349.0,8312.011986466005,215556.43858431053,-353297.90334621037,6652917.315652697
388,12.933333333333334,826.0,737.0,6337.350851628548,219872.491272662,-368335.2305462068,-7589984.457995181
389,12.966666666666667,826.0,717.0,6562.621974405241,191000.75654789672,-859296.867212556,-7737832.343903412
390,13.0,501.0,1349.0,6600.916255450854,162586.03345849164,-884190.7201397677,-863507.7313751007
391,13.033333333333333,826.0,699.0,4527.852916700956,132054.70853857888,-916864.0493042294,-8094668.911717747
392,13.066666666666666,825.0,676.0,2536.0260840859823,101461.76350487635,-1423835.3142542844,-871669.3136789153
393,13.1,811.0,671.0,2581.0260840859823,37132.35425495992,-974975.3368828238,13707259.785448786
394,13.133333333333333,806.0,671.0,397.3138219300984,36463.4077126881,-510017.9952243653,14019754.001393607
395,13.166666666666666,782.0,671.0,392.0695270033087,3131.154573335568,-40325.070123250065,14662705.483275643
396,13.2,773.0,671.0,420.18058766142457,33775.06970447143,467495.70366067754,15387806.84905997
397,13.233333333333333,763.0,670.0,2495.689547180437,34297.534817380736,985528.7198140811,15226199.531829555
398,13.266666666666666,743.0,670.0,2500.6558878874175,99476.9843587435,1482575.6724493143,-158441.23081278213
399,13.299999999999999,734.0,671.0,4658.188699230386,133135.91298066836,974965.9710932288,-7129871.823806986
400,13.333333333333334,501.0,1349.0,6768.368246592106,164474.71576495876,1007250.8841955152,-6551530.526402237
401,13.366666666666667,710.0,646.0,6780.316537820824,200285.97192703604,538197.2693330796,-22211186.293464262
402,13.4,710.0,641.0,6941.979043577126,200354.5337204974,-473494.86870210234,-22502460.47529883
403,13.433333333333334,501.0,1349.0,6853.0127028701445,168719.6473468959,-961966.7623535093,-7353589.742326358
404,13.466666666666667,710.0,608.0,4698.400998755855,136223.41623026345,-963734.1848571927,-7737052.761877902
405,13.5,710.0,603.0,2600.171465275314,104470.7016897497,-1477770.2798120358,-632287.6833520161
406,13.533333333333333,710.0,603.0,2558.171465275314,37705.397576127725,-1005886.6970806604,14598587.688383376
407,13.566666666666666,710.0,583.0,293.39696961967,37411.588551039,-504531.10058647755,7402334.598049927
408,13.6,710.0,569.0,341.4683577445559,4069.990870362555,-512397.72387733206,7566110.128789383
409,13.633333333333333,710.0,564.0,311.4683577445559,3251.7402925501933,-123.75866718542348,7681783.106941375
410,13.666666666666666,696.0,555.0,284.4683577445559,4061.7402925501933,-278.85008124050034,-391844.34056586307
411,13.7,691.0,555.0,314.4683577445559,3233.1502871341604,-26246.714704909624,-249257.44339435996
412,13.733333333333333,686.0,555.0,312.0713881248859,2311.9593122228853,-16896.012974197823,391228.9280715135
413,13.766666666666666,666.0,555.0,336.0517087712814,2106.7494221876386,-164.7861668087262,155390.62736876705
414,13.799999999999999,657.0,555.0,393.0517087712814,2300.97356776897,-6536.6378162800265,-98273.21683402004
415,13.833333333333334,647.0,555.0,360.15871531413603,1670.97356776897,-6716.333955743398,179554.55790804946
416,13.866666666666667,628.0,556.0,345.15871531413603,1853.21797071941,5433.666044256602,141245.00933615104
417,13.9,618.0,555.0,360.15871531413603,2033.21797071941,2700.000000000001,-184099.0434118673
418,13.933333333333334,614.0,555.0,330.1070065428546,2033.21797071941,-6839.60351653455,-41844.052748018265
419,13.966666666666667,594.0,555.0,345.1070065428546,1577.24440295044,-89.60351653455037,4594087.275922304
420,14.0,590.0,555.0,375.0,2027.24440295044,299432.8815449524,4351087.275922304
421,14.033333333333333,575.0,555.0,360.0,21539.43650594727,289982.8815449524,4385290.420280453
422,14.066666666666666,556.0,555.0,1571.0358529674843,21359.43650594727,591785.576230316,8986905.117206499
423,14.1,551.0,555.0,1574.0358529674843,60991.808254635,889109.8893587191,-40461.320736849215
424,14.133333333333333,537.0,555.0,2863.680204085973,80633.42912986186,589088.1548478594,-4372309.168005181
425,14.166666666666666,829.0,880.0,4071.6118428854834,100264.35191115896,597622.611491707,244972.85981517207
426,14.2,517.0,555.0,4071.6907356568045,120474.93656264234,605419.6788355375,-4235070.1012603855
427,14.233333333333333,498.0,555.0,4189.06696489941,140625.66383352812,315284.6047410147,-4125249.5312938257
428,14.266666666666666,829.0,846.0,5430.6175785906335,141493.9102120433,330403.0434159493,130312.35217630179
429,14.299999999999999,479.0,556.0,5370.368360406015,162652.53339459142,323972.0948861015,-4415327.20552924
430,14.333333333333334,464.0,555.0,5525.277479321451,163092.04987111673,36047.896380666585,-4172057.7908909037
431,14.366666666666667,830.0,811.0,5552.252140906861,165055.72648663583,45834.90882670789,217778.55971041572
432,14.4,830.0,806.0,5527.823343478967,166147.71045956394,50566.46702802763,264608.17084282293
433,14.433333333333334,426.0,555.0,5684.757217192392,168426.82428850437,63475.453549562764,6811863.693829572
434,14.466666666666667,829.0,778.0,5860.141762910977,170379.40736286814,504690.7132833324,5519093.686888374
435,14.5,829.0,774.0,5833.959941915634,202072.87184072653,431415.0326754544,-4883203.806956076
436,14.533333333333333,397.0,555.0,8160.779258533231,199140.40954123175,179143.7928195941,-5838457.920317403
437,14.566666666666666,377.0,555.0,8862.572670126274,214015.79136203282,42184.50465429423,-15071361.336890945
438,14.6,829.0,739.0,7404.088182721624,201952.70985151804,-825613.6296398023,-22101532.015073813
439,14.633333333333333,501.0,1349.0,5897.3085040691685,158974.8827193793,-1431250.9630172933,-8235951.877458522
440,14.666666666666666,501.0,1349.0,4488.6495673495665,106535.97898369849,-1374677.0881370371,4510665.5241936715
441,14.7,501.0,1349.0,2077.7766963752383,67329.74351024351,-1130539.9280710486,5470964.0322507685
442,14.733333333333333,501.0,1349.0,0.0,31166.65044562858,-1009946.1526536525,9945602.570799297
443,14.766666666666666,501.0,1349.0,0.0,0.0,-467499.7566844287,15149192.289804786
444,14.799999999999999,501.0,1349.0,0.0,0.0,0.0,7012496.350266431
445,14.833333333333334,501.0,1349.0,0.0,0.0,0.0,0.0
446,14.866666666666667,501.0,1349.0,0.0,0.0,0.0,0.0
447,14.9,501.0,1349.0,0.0,0.0,0.0,0.0
448,14.933333333333334,501.0,1349.0,0.0,0.0,0.0,0.0
449,14.966666666666667,501.0,1349.0,0.0,0.0,0.0,8133047.661585724
450,15.0,501.0,1349.0,0.0,0.0,542203.1774390482,16244714.649827104
451,15.033333333333333,501.0,1349.0,0.0,36146.87849593655,1082980.9766551403,8134575.502397716
452,15.066666666666666,501.0,1349.0,2409.791899729103,72198.73177700935,1084508.2109322292,51061.46019482762
453,15.1,501.0,1349.0,4813.2487851339565,108447.4258914185,1086385.074001462,-8073278.436031327
454,15.133333333333333,501.0,1349.0,4870.327677905278,144624.40337710682,546289.6485301406,-24329018.601391047
455,15.166666666666666,373.0,556.0,4942.3901508020635,144866.73579342788,-535549.4994246078,-16351029.369384736
456,15.2,387.0,556.0,5014.4526236988495,108921.1034154663,-543778.9760955087,-149884.59630483537
457,15.233333333333333,392.0,555.0,2664.735677153249,108614.8040537273,-545541.8058449303,8014638.451881031
458,15.266666666666666,411.0,555.0,2653.9062178220834,72551.64969247095,-9469.745970106738,24132980.090104066
459,15.299999999999999,416.0,556.0,2668.827325050762,107983.48765572018,1063323.5334953407,16130272.035718977
460,15.333333333333334,431.0,556.0,4980.698576064941,143439.885258827,1065881.7230778248,94281.72587208477
461,15.366666666666667,501.0,1349.0,7291.635263889786,179042.26919424185,1069608.981886813,43105.58293544082
462,15.4,455.0,556.0,7288.560310706283,214747.15071794786,1068755.4286068543,-16106463.351122636
463,15.433333333333334,469.0,555.0,7277.963111141068,250292.6311013655,-4155.241521362885,-16035466.666686397
464,15.466666666666667,501.0,1349.0,9588.282359268826,214470.13461652366,-275.6825055722322,8098703.836265
465,15.5,488.0,555.0,7276.411108254646,250274.25226766066,535758.3475629704,-8039021.067671033
466,15.533333333333333,497.0,555.0,7278.7421133591215,250187.35778738838,-536210.4203503078,-8004021.4527406115
467,15.566666666666666,501.0,1349.0,9602.224627472593,214526.89091097348,2156.9173802629693,16106998.616830885
468,15.6,473.0,556.0,7277.273293735443,250331.1522794059,537589.4874384182,-8070632.541622823
469,15.633333333333333,459.0,555.0,7286.029326731223,250366.1900735347,-535885.2520612585,-7980497.116557795
470,15.666666666666666,501.0,1349.0,9599.994934138605,214605.46880865534,5556.346334565291,8395086.995934876
471,15.7,440.0,556.0,7274.739721496003,250736.61316250573,23787.214334399952,-15619253.707238853
472,15.733333333333333,421.0,556.0,7300.683603514354,216191.28309761532,-1035727.2341480249,-8340352.275195405
473,15.766666666666666,501.0,1349.0,7372.430174064536,181688.13088597072,-532236.2706786271,7518486.337486337
474,15.799999999999999,401.0,555.0,5083.178269431863,180708.86505237353,-534494.8116489358,-487070.361694385
475,15.833333333333334,387.0,555.0,5055.768428690849,146055.14344270836,-564707.6281249195,7165101.4521446405
476,15.866666666666667,363.0,575.0,5076.693475507346,143061.68984404556,-56821.381505959886,7730613.267685711
477,15.9,363.0,579.0,4902.002950844186,142267.05134231102,-49333.41027920558,-7426857.226749567
478,15.933333333333334,501.0,1349.0,4824.177487522683,139772.79582543188,-551945.1966225978,-7172235.382957639
479,15.966666666666667,363.0,606.0,4794.35411103182,105470.70490080451,-527482.435809715,-7189941.08427922
480,16.0,363.0,618.0,2522.7358714686643,104607.3001047842,-1031274.6022412125,-625292.7071103944
481,16.03333333333333,363.0,623.0,2515.281775501452,36719.06475139033,-569168.6162837414,14638174.111162221
482,16.066666666666666,363.0,642.0,364.156077088054,66662.7256858681,-55396.32816373128,15048924.055297887
483,16.1,363.0,652.0,2406.5843658049134,33025.97620714158,434092.9874027843,14896489.572875276
484,16.133333333333333,358.0,666.0,2394.659318988416,95602.25817938705,937702.9766946204,351915.8044614588
485,16.166666666666668,344.0,671.0,4424.945317619682,95539.50798678293,457554.041033548,-13914854.671538632
486,16.2,501.0,1349.0,4420.464600186223,126105.86091495694,10045.998592044703,-13742178.01245602
487,16.233333333333334,324.0,670.0,4396.8544271309565,96209.24122625259,-458591.15979685326,-7122391.126516184
488,16.266666666666666,305.0,671.0,2405.426138414097,95533.11692850005,-464780.07650903426,124543.00031138142
489,16.3,301.0,671.0,2417.3511852305946,65223.90279231698,-450288.29310942785,14614146.936117265
490,16.333333333333332,286.0,671.0,2451.799370926007,65513.89738787154,509496.38589878345,14372906.173572391
491,16.366666666666667,267.0,671.0,2484.778292436849,99190.32851890255,507905.45179539814,-359344.98566911864
492,16.4,262.0,671.0,4624.984928145015,99374.26084089809,485540.0535208423,-7706828.43710625
493,16.433333333333334,501.0,1349.0,4580.063820916337,131559.66542029203,-5883.11067835169,-7012434.773233066
494,16.466666666666665,228.0,670.0,4610.063820916337,98982.05346234131,18044.401971971314,-6871769.002382405
495,16.5,224.0,671.0,2530.3296365896576,132762.62555175676,-464001.044170512,289317.4518873901
496,16.53333333333333,209.0,671.0,4666.0623270007345,68048.6505176405,37332.232097797394,22687619.59498563
497,16.566666666666666,190.0,671.0,2573.855691292568,135251.44102494328,1048506.92882853,7547861.709251945
498,16.6,185.0,671.0,4805.806287191063,137949.11243954248,540523.0127145939,-293099.0180183165
499,16.633333333333333,501.0,1349.0,6994.213456233284,171286.30853924953,1028966.9942939756,7832544.376565647
500,16.666666666666668,150.0,671.0,7039.213456233284,206546.9120591409,1062692.6378189703,-14962143.160579244
501,16.7,151.0,671.0,7144.94940570382,242132.48439384755,31490.783588692713,-15350372.084339544
502,16.733333333333334,501.0,1349.0,9384.953670092267,208646.2976317204,39334.498863000685,8383806.008505258
503,16.766666666666666,112.0,671.0,7200.9241814224515,244754.78431804758,590411.1841557098,-7559656.598910058
504,16.8,113.0,671.0,7314.288424141339,248007.04324210103,-464642.60773100343,-8258647.236932988
505,16.833333333333332,501.0,1349.0,9594.686388601976,213778.61046931404,39834.701693510404,7772102.119832255
506,16.866666666666667,78.0,671.0,7353.173640610194,250662.69002166842,53497.533591146814,-7457969.057840066
507,16.9,74.0,671.0,7476.277963784295,217345.1127087238,-457363.23549582734,-33888.554321217256
508,16.933333333333334,501.0,1349.0,7401.277963784295,220171.8076552799,51238.29663639898,7388260.973151067
509,16.966666666666665,40.0,671.0,7465.615139585733,220760.9991511504,35187.49604757718,-3192486.6918171137
510,17.0,35.0,671.0,7544.85299817216,222517.6407251184,-161594.14948474188,-3589969.0371275814
511,17.03333333333333,30.0,671.0,7442.85299817216,209988.05585216763,-204143.77309426153,-3594638.806884025
512,17.066666666666666,501.0,1349.0,6587.21580570473,208908.05585216763,-401236.73661034345,-11130217.492233327
513,17.1,501.0,1349.0,6557.21580570473,183238.94007814475,-946158.2725764833,-5286047.514914523
514,17.133333333333333,501.0,1349.0,5701.578613237301,145830.83768040207,-753639.9042713116,-2293291.5141051393
515,17.166666666666668,365.0,829.0,3224.9427901902386,132996.27979339063,-1099044.373516826,2546087.786551609
516,17.2,501.0,1349.0,3224.9427901902386,72561.21277928035,-583900.7185012043,10440862.986517083
517,17.233333333333334,501.0,1349.0,1612.4713950951193,94069.5652266437,-402986.8410823537,7553087.461939506
518,17.266666666666666,501.0,1349.0,3046.361558252674,45695.423373790116,-80361.55437190384,10281470.259102777
519,17.3,501.0,1349.0,1433.890163157555,88712.12826851677,282444.509524498,602711.6577892788
520,17.333333333333332,501.0,1349.0,2867.78032631511,64525.05734208998,-40180.77718595191,-4236667.64286747
521,17.366666666666667,361.0,892.0,2867.78032631511,86033.4097894533,0.0,-4236667.64286747
522,17.4,501.0,1349.0,2867.78032631511,64525.05734208998,-322625.2867104499,-807334.3665513576
523,17.433333333333334,501.0,1349.0,1433.890163157555,64525.05734208998,-53822.29110342385,12820684.909949208
524,17.466666666666665,501.0,1349.0,1433.890163157555,60936.90460186172,532087.0406194973,22499443.511262704
525,17.5,501.0,1349.0,2628.5701436332265,99997.52671672314,1446140.6096474233,22499443.511262704
526,17.53333333333333,501.0,1349.0,5232.61161795732,157346.2785783566,2032049.9413703443,13299287.790403841
527,17.566666666666666,501.0,1349.0,7861.181761590546,235467.52280807943,2332759.795674346,-13149416.396045933
528,17.6,1056.0,671.0,10465.22323591464,312863.5982899797,1155422.1816339488,-26767538.975292183
529,17.633333333333333,1043.0,671.0,12997.85763511244,312495.66825034266,548257.1973215339,-18385720.529804055
530,17.666666666666668,501.0,1349.0,10369.287491479214,349414.07811141526,-70292.52035298804,-18346079.128525555
531,17.7,501.0,1349.0,10297.880416352918,307809.5002268101,-674814.7445801698,-357283.43182287656
532,17.733333333333334,1004.0,671.0,10152.812034345805,304426.42847273726,-94111.41580784648,9062448.577426445
533,17.766666666666666,501.0,1349.0,10000.011062298057,301535.40583962033,-70651.5060850734,335254.60055103904
534,17.8,501.0,1349.0,9950.87842472637,299716.32806706574,-71761.10910444387,82023.78592061107
535,17.833333333333332,976.0,671.0,10010.953377909873,296751.3318993241,-65183.253690365935,-7921340.470550915
536,17.866666666666667,957.0,671.0,9864.66765398985,295370.7778210413,-599850.4738078382,-8416274.023945678
537,17.9,501.0,1349.0,9801.957704973818,256761.3003121349,-626268.1886200778,12769.240301328897
538,17.933333333333334,937.0,670.0,7392.717202697471,253619.56524636946,-598999.1911210829,-7296902.578406009
539,17.966666666666665,917.0,671.0,7247.926624608139,216828.02090406272,-1112728.3605138117,-7250816.415635754
540,18.0,501.0,1349.0,7259.851671424636,179437.67454544868,-1082386.9521634665,875210.6319026637
541,18.03333333333333,903.0,671.0,4945.502996146859,144668.89075983161,-1054380.9850536343,-7355811.171056609
542,18.066666666666666,884.0,670.0,2669.490325680942,109145.6088752064,-1572774.3635672405,7763080.07429939
543,18.1,879.0,671.0,2733.0033580513564,39817.26652201558,-536842.3134336749,23201606.433284838
544,18.133333333333333,860.0,670.0,453.2328226277432,73356.1213129614,-26000.60134825119,15800132.529863223
545,18.166666666666668,831.0,666.0,2663.933197184159,38083.89309879884,516499.85522387346,24232189.66665614
546,18.2,826.0,661.0,2666.933197184159,107789.44499455296,1589478.709762158,8043724.801257992
547,18.233333333333334,826.0,647.0,4960.565423123731,144049.14041627606,1052748.1753077398,-7202500.174145716
548,18.266666666666666,501.0,1349.0,7244.065994733001,177972.6566817356,1109312.031485777,1645504.41392173
549,18.3,826.0,622.0,7230.125346619837,218003.27584866117,1162448.4695691885,-15683488.33370867
550,18.333333333333332,826.0,604.0,7493.50607839134,255469.2213196815,63746.14257186577,-15925399.104198705
551,18.366666666666667,501.0,1349.0,9898.228845153786,222253.0186867856,100755.19595594145,8801244.111627873
552,18.4,826.0,589.0,7501.924483612903,262186.23438341095,650495.7500137239,430768.1692455098
553,18.433333333333334,826.0,565.0,7753.505698987375,265619.4020210338,129473.07390564196,900498.7480280593
554,18.466666666666665,501.0,1349.0,10294.568343240217,270817.7726437871,710528.999882261,17336103.760704298
555,18.5,827.0,551.0,10389.08205626645,312988.0020131846,1285213.3246192615,393656.54841907194
556,18.53333333333333,826.0,531.0,10656.220953294158,356498.6609517379,736772.7697768658,-17713009.39879328
557,18.566666666666666,501.0,1349.0,13380.618239175226,362106.1866649756,104346.03136637642,-9604146.686621226
558,18.6,501.0,1349.0,13486.885083611225,363455.0630428296,96496.32400211754,-8739543.435302146
559,18.633333333333333,826.0,493.0,10954.822439358382,368539.27493178344,-478290.19765376655,-18496739.44279777
560,18.666666666666668,826.0,486.0,11187.698343711014,331569.04986591183,-1136619.6388510668,-587694.3420919519
561,18.7,501.0,1349.0,11257.940511873103,292764.63234171236,-517469.8204598966,18912355.859873064
562,18.733333333333334,826.0,468.0,8548.436219449179,297071.0618352521,124204.08514047074,-489919.2702658415
563,18.766666666666666,826.0,448.0,8765.52900875037,301044.9046844104,-550131.105144286,-432583.08822187333
564,18.8,501.0,1349.0,11638.682062487054,260395.654825633,95365.21259234592,9382175.65579104
565,18.833333333333332,826.0,429.0,8822.21133878027,307402.5855239001,75347.27190845003,-20192297.312696718
566,18.866666666666667,826.0,416.0,9079.791393018608,265418.80628619634,-1250787.9415874353,-20395038.04993735
567,18.9,501.0,1349.0,9100.791393018608,224016.72275140445,-1284321.9314207067,-948672.5396011367
568,18.933333333333334,826.0,397.0,6193.836939927263,179797.34419148258,-1314032.7775608446,-3492090.854724212
569,18.966666666666665,826.0,377.0,3377.683886190579,136414.53758068147,-1517127.9884023208,6765328.324808104
570,19.0,826.0,371.0,3395.683886190579,78655.47829799454,-863010.8892403042,26727131.493008442
571,19.03333333333333,826.0,358.0,2361.019852844575,78880.47829799454,264680.77779824205,24073778.013823368
572,19.066666666666666,826.0,334.0,2394.019852844575,96300.86348454401,741907.645014587,10012508.840938214
573,19.1,826.0,333.0,4479.038760324152,128340.98796563367,932181.3671941229,2631321.8478809325
574,19.133333333333333,829.0,1014.0,6426.047506661251,158446.2879641522,917329.1015399825,212586.44688092722
575,19.166666666666668,826.0,296.0,6468.047506661251,189496.2614016325,946353.7969861848,-13739724.724815568
576,19.2,826.0,300.0,6591.03597557598,221536.54109656453,1347.4532189446618,-14397807.115803171
577,19.233333333333334,828.0,982.0,8535.055683510674,189586.0916162288,-13500.010734026402,7492634.345786977
578,19.266666666666666,826.0,261.0,6504.036776031098,220636.54038096275,500856.40960474324,-6348372.882638951
579,19.3,826.0,261.0,6630.046573571317,222976.5189232117,-436724.8695766229,-7502649.307103684
580,19.333333333333332,829.0,946.0,8583.066138696246,191521.54907585456,679.7891311644169,6793908.491072284
581,19.366666666666667,826.0,224.0,6480.057816936942,223021.83819862263,16202.363161529374,-13829190.585734982
582,19.4,826.0,218.0,6627.056501296009,192601.70661995653,-921266.2499178341,-14205045.712142894
583,19.433333333333334,829.0,914.0,6600.056501296009,161604.08820410038,-930800.6843146633,-235866.72590950792
584,19.466666666666665,826.0,198.0,4480.450689079442,130548.32766564563,-936990.6983118011,-7422182.072787277
585,19.5,826.0,180.0,2482.4311239545123,99138.0416499803,-1425612.8225004817,-302517.50930550916
586,19.53333333333333,826.0,170.0,2479.4311239545123,35507.47283228019,-957158.5322655017,14456902.500764545
587,19.566666666666666,807.0,170.0,379.41273166075166,35327.47283228019,-461819.322449512,7542696.596719483
588,19.6,802.0,170.0,340.41273166075166,4719.51800231272,-454312.0924842028,7131023.286222319
589,19.633333333333333,788.0,170.0,306.0,5040.0,13582.229965309209,6946306.387263043
590,19.666666666666668,768.0,170.0,321.0,5625.0,8775.0,-30646.340493632084
591,19.7,773.0,170.0,363.0,5625.0,11539.140599067065,-165079.3106595736
592,19.733333333333334,778.0,170.0,318.0,6394.276039937804,-2230.2873773049077,-671909.4758835672
593,19.766666666666666,802.0,170.0,328.80322571321483,5476.3141748463395,-33254.82445983742,-420107.0749972702
594,19.8,811.0,170.0,357.7438738263803,4177.287742615309,-30237.425710456253,357791.9284926993
595,19.833333333333332,821.0,170.0,309.7438738263803,3460.4857941492564,-9402.029226990806,310849.2766708379
596,19.866666666666667,826.0,181.0,282.7438738263803,3550.4857941492564,-9514.140599067065,-190015.2509355643
597,19.9,826.0,189.0,300.7438738263803,2826.2097542114516,-22069.712622695093,-107715.52411643272
598,19.933333333333334,826.0,194.0,301.9406481131655,2079.171619302916,-16695.175540162578,298607.0749972702
599,19.966666666666665,826.0,213.0,339.0,1713.1980515339462,-2162.574289543746,3864458.2410850474
600,20.0,826.0,219.0,378.0,1935.0,240935.37386550725,3556063.7839209028
601,20.03333333333333,826.0,232.0,366.0,17775.55630923443,234908.3446385165,425955.51857877395
602,20.066666666666666,826.0,251.0,1461.0346148725687,17595.55630923443,269332.40843742556,731086.2553310676
603,20.1,826.0,258.0,1461.0346148725687,35731.050205062806,283647.42832725437,-1103146.0918520303
604,20.133333333333333,826.0,271.0,1425.0346148725687,36505.38486438472,195789.33564729025,5268461.99203088
605,20.166666666666668,829.0,648.0,1463.8806674374714,48783.67258154882,634878.2277959797,28385064.137578923
606,20.2,826.0,290.0,2318.2657066851616,78830.60005078337,2088126.9448192182,32548263.492129467
607,20.233333333333334,829.0,628.0,4357.335172393339,187992.13556949672,2804762.460604611,4694521.542852537
608,20.266666666666666,807.0,324.0,10718.543333554833,265814.76409109076,2401095.047676054,-27643105.28865525
609,20.3,807.0,324.0,13323.179166943542,330906.78678971104,3106972.6754450225,-47011516.927644886
610,20.333333333333332,501.0,1349.0,17569.495468316552,419845.23619100783,3009176.50594802,-100939692.81277324
